epoch,objective1
best,2
mean,4.666666666666667
std,2.494438257849294
epoch,objective1
1,2
2,8
3,4
